Title,Href
Dr. Anum Sadia,https://oladoc.com/pakistan/islamabad/dr/dermatologist/anum-sadia/1044481
Dr. Anum Sadia,https://oladoc.com/pakistan/islamabad/dr/dermatologist/anum-sadia/1044481
Dr. Saira Jabeen,https://oladoc.com/pakistan/video-consultation/dr/dermatologist/saira-jabeen-derma/3012680
Dr. Saira Jabeen,https://oladoc.com/pakistan/video-consultation/dr/dermatologist/saira-jabeen-derma/3012680
Dr. Sadaf Khalid,https://oladoc.com/pakistan/lahore/dr/dermatologist/sadaf-khalid/2558738
Dr. Sadaf Khalid,https://oladoc.com/pakistan/lahore/dr/dermatologist/sadaf-khalid/2558738
Dr. Farooq Tajammal Khan,https://oladoc.com/pakistan/lahore/dr/dermatologist/farooq-tajammal/2129
Dr. Farooq Tajammal Khan,https://oladoc.com/pakistan/lahore/dr/dermatologist/farooq-tajammal/2129
Dr. Tahir Kamal,https://oladoc.com/pakistan/lahore/dr/dermatologist/tahir-kamal/14989
Dr. Tahir Kamal,https://oladoc.com/pakistan/lahore/dr/dermatologist/tahir-kamal/14989
Dr. Quratul Ain Sajida,https://oladoc.com/pakistan/lahore/dr/dermatologist/quratulain-sajida/1145
Dr. Quratul Ain Sajida,https://oladoc.com/pakistan/lahore/dr/dermatologist/quratulain-sajida/1145
Dr. Wajieha Saeed,https://oladoc.com/pakistan/lahore/dr/dermatologist/wajieha-saeed/17718
Dr. Wajieha Saeed,https://oladoc.com/pakistan/lahore/dr/dermatologist/wajieha-saeed/17718
Dr. Muhammad Haroon Mahmood,https://oladoc.com/pakistan/lahore/dr/dermatologist/muhammad-haroon-mahmood/37472
Dr. Muhammad Haroon Mahmood,https://oladoc.com/pakistan/lahore/dr/dermatologist/muhammad-haroon-mahmood/37472
Dr. Saba Hameed,https://oladoc.com/pakistan/lahore/dr/dermatologist/saba-hameed/1382
Dr. Saba Hameed,https://oladoc.com/pakistan/lahore/dr/dermatologist/saba-hameed/1382
Dr. Farhana Nazir,https://oladoc.com/pakistan/lahore/dr/dermatologist/farhana-nazir/286894
Dr. Farhana Nazir,https://oladoc.com/pakistan/lahore/dr/dermatologist/farhana-nazir/286894
